customer_id,name,email,city
1,Patricia Barton,richard64@example.com,East Tyler
2,James Gregory,levinerachel@example.net,South Teresa
3,Katherine Daniels,shahbruce@example.org,Port Lynnburgh
4,Stanley Williams,agomez@example.net,Hubbardville
5,Nathan Santos,hnelson@example.com,East Davidland
6,Sandra Mitchell,tonya36@example.org,Johnsonshire
7,Angela Wilkinson,houstonraymond@example.net,Smithborough
8,Andrea Gonzalez,brooke07@example.net,Lake Anthonyport
9,Heather Lewis,smithsara@example.com,North Anthonyshire
10,Kenneth Evans,adaniels@example.net,Lake Ericaville
11,Robert Calderon,sara51@example.com,Lake Jimmystad
12,Connie Roberts,masonelizabeth@example.net,West Sheilaport
13,Jacob Green,ymarquez@example.com,East Jasmineview
14,Michael Brown,vargastammy@example.net,Deborahland
15,Andrew Huff,wendyjackson@example.net,Lewisfurt
16,Daniel Petersen,yreyes@example.net,Huntstad
17,Cindy Brock,lindsey35@example.com,West Josephburgh
18,Donna Mora,lori95@example.com,Jacobsville
19,Vanessa Coleman,nina23@example.org,New Robertberg
20,Amy Summers DVM,rogersgary@example.org,West Brandon
21,Ryan Blake,enguyen@example.net,Brianbury
22,Karina Becker,dawsontimothy@example.net,Robertsborough
23,Gregory Flores,palmerbarbara@example.com,Lake Mariaburgh
24,Kathryn Diaz,annette95@example.com,Bradleymouth
25,James Phillips,laurenjuarez@example.org,Thomasland
26,Tina Hahn,psutton@example.org,Michaelberg
27,Margaret Shaw,riddlesean@example.com,East Benjaminmouth
28,Jason Woods,laurengonzalez@example.net,Robinbury
29,Matthew Sims,juanbarnett@example.org,Gloriamouth
30,Travis Johnson,sandersdavid@example.org,New Joshuaside
31,Cody Harrison,gstephens@example.net,Adamtown
32,Eric Arnold,mcclaindebbie@example.com,Edwardhaven
33,Ms. Jennifer Crawford MD,jennifer11@example.com,Richardstad
34,Charles Sharp,fhutchinson@example.com,Murraytown
35,Dr. Christopher Nichols IV,lisa24@example.net,Rebeccastad
36,Bianca Trevino PhD,davidlewis@example.com,Monicabury
37,Jeremy Le,jessicabeard@example.com,East Scottberg
38,Sonya Bowman,elizabeth11@example.org,South Katiestad
39,Michael Smith,larrymartinez@example.net,Brandiburgh
40,Robert Powers,ronaldtapia@example.com,Port David
41,Sandy Jackson,dkelly@example.org,Port Kara
42,Justin Kelly,ryan77@example.net,East Reneeside
43,Christian Holland,courtney71@example.com,Port Christianhaven
44,Ross Fields,fbrown@example.net,Donnafort
45,James Jennings,suttonchristopher@example.org,Victoriaberg
46,Sarah Perez,wattsjohn@example.org,Phillipsmouth
47,Sandra Little,lucasshannon@example.net,Hardingview
48,Pamela Tucker,amanda46@example.org,Port Bryan
49,Christopher Smith,xwright@example.com,Aprilfurt
50,Kenneth Thornton,jennifer83@example.com,Jasmineborough
